student_name,campus
Maria Santos,ACCESS Campus (Main)
Juan Dela Cruz,ACCESS Campus (Main)
Angela Reyes,ACCESS Campus (Main)
Carlo Mendoza,Isulan Campus
Fatima Ali,Isulan Campus
Jerome Flores,Tacurong Campus
Nicole Garcia,Tacurong Campus
Mark Anthony Cruz,Kalamansig Campus
Princess Mae Salazar,Kalamansig Campus
Abdul Rahman,Lutayan Campus
Sofia Villanueva,Lutayan Campus
John Paul Navarro,Palimbang Campus
Aisha Macapagal,Palimbang Campus
Christian Ramos,Bagumbayan Campus
Rosemarie Aquino,Bagumbayan Campus
